#id,question,most similar comment from all the subreddit,most similar comment from 1 the subreddit
0,pharaoh atem ,the egyptians would nt wait for the pharaoh to die to fill the pyramids with grain ,https wwwyoutubecomwatch v eh7lp9umg2i 
1,marvelsoft macindows https iimgurcomotsfynhjpg jonny s https iimgurcomtmjntlajpg ,hashida https imganimebracketcomzpxjpg levi https imganimebracketcomzscjpg kraft lawrence https imganimebracketcomzstjpg sora https imganimebracketcomzuhjpg archer https imganimebracketcomzrljpg ira gamagoori https imganimebracketcom10izjpg ,hashida https imganimebracketcomzpxjpg levi https imganimebracketcomzscjpg kraft lawrence https imganimebracketcomzstjpg sora https imganimebracketcomzuhjpg archer https imganimebracketcomzrljpg ira gamagoori https imganimebracketcom10izjpg 
2,i wonder if how race would have effected george s awkward social dynamics and ascents descents in the business world ,that this is how kanye runs his personal business and this is how he s showing mastery of social media ,seinfeld george you re black george dammit lt walks outgt never seen again 
3,fact that your flair and flair text is based on steel that made me laugh to this more yknow yknow ,week 2 of proleague still no flair give afreeca freecs flair ,this made me happier than i d anticipated 
4,i work directly for tmobile on corporate liable and independent normal retail liable lines too ask me any questions ,it appear as though the dominant person is not responsible and thus held liable for the other person s behavior ,is ok depends on many other things personally that much money for a used card is too much for me 
5,deleted ,i ca nt seem to find it anywhere was it deleted does anyone know or have a link thanks ,full video here http wwwgossipcopcomladygagadavidbowiegrammystributevideomedleygrammyawardsperformancewatch 
6,duh indiana jones thought me this when he stepped on the j ,duh ,duh 
7,that kid is a bastard though ,that s what the dryer is for you motivated bastard ,that kid fucks 
8,attacks bring em in amp everyone act shocked when women are raped amp people start dying in acts of jihad ,intestinal jihad ,we look at what empirical reality drags in or what the chicago school of economics postulates reality should bring in 
9,mouth we have to fucking pick it up discusting sorry for the poor spelling english is nt my primary language ,by the bot admin constructive feedback is welcome top keywords french 1 language 2 spelling 3 reform 4 word 5 ,on the way to my work it can shut down traffic for 6 minutes poor bastards wanting to turn right 
10,hey can you ship a nutella frozen hot chocolate to me ,mine are nutella chocolate spread and whole earth peanut butter ,is there any way you can make one for me too please 
11,pt lineups http wwwcstarleaguecomsc2matches6549 casters feardragon and temp0 vods as always will be on the csl youtube and twitch channels ,twitch ,a free to watch vod before they get to youtube http wwwazubutven sc2 proleague and select vods on the right 
12,just like he s terrible at being a friend just a shit human being all around my advice kill him ,good human being ,good human being 
13,with the old kogmaw to deserve a rework i think it was way a better designed champion before the rework ,i want a rework and a fix not a removal ,breath taric stood at the door hair flowing behind him so who wants to be dazzled by my new rework 
14,i would have joined but work ,great work ,nice work be safe and enjoy your new gat 
15,was nt expecting that at all 1 ,i was absolutely not expecting that that truly was mediocrity at its finest ,that was horrible 
16,nice looking bike i actually like the sound of it ,nice bike man d ,nice bike man d 
17,notice how it forms an x shape i expected a circle ,it s right in that red circle ,in a general spiral shape and i ll probably use this type of design every time i need a staircase 
18,in this paper we show that this need not be the case and the infinitely dense singularity can be obviated ,it s so dense ,airplanes would nt people still need to be employed to monitor and as a backup in case these systems fail 
19,he is just trolling the entire country eventually he will settle all his legal troubles and start a reality show ,he s trolling so hard ,he s trolling so hard 
20,hey this was really good ,really good ,i knew from hey i m matt 
21,pipe in his mouth and ran straight to my parents i was fucking pissed he pretty much ratted on me ,much but his role in this episode was fucking great what a way to redeem his character speech and everything ,he s probably pissed that no one else ever fills it 
22,lucky fuck him gt the whole episode made perfect sense from start to finish wtf literally nothing made any sense ,well made ,this made my life thank you 
23,a prestressed concrete slab you stand a good chance of cutting into a reinforcing cable which might actually be dangerous ,is dangerous dangerous to world peace dangerous to minorities dangerous to human rights i ca nt keep laughing about this ,with that amount of mileage means a decent portion of it might be highway miles which is a good thing 
24,i have nt and will never watch the finale this show ends on the wedding day for me ,it will be a summer wedding ,show i ca nt even watch old episodes anymore i am so happy i never bought any seasons on dvd 
25,http imgurcomb2hsubv http imgurcomptvghhu ,clearly http iimgurcomdw5x4ahpng unmistakable http iimgurcomkf01o4sjpg haircuts http iimgurcomzcmjrjspng kick ass http iimgurcomb6lyvhxjpg ,clearly http iimgurcomdw5x4ahpng unmistakable http iimgurcomkf01o4sjpg haircuts http iimgurcomzcmjrjspng kick ass http iimgurcomb6lyvhxjpg 
26,is just really boring and chaotic for me everything has its charm but lol is just something more for me ,is it just me or is the perspective really confusing ,that is the problem then ca nt they just keep peke as their coach and everything would be just fine 
27,what s the general look ,general ,redoing my test rides on what s out there to see what i like most you know what you did 
28,i d kill him for food in case the replicator does nt work or you know even if it does ,why does this work ,nt playing khan i like the man and his work immensely but he does nt have the best track record 
29,may well have blown off some steam i also think visiting hector is a bit of a release for him ,mind blown ,game of thrones is based off a book vikings is based off real life is breaking bad based off anything 
30,creator viktor please ,please ,please be drama 
31,jesus this is some twisted criminal minds shit ,that they can t be read by advertisers or by governments i have watched criminal minds penelope can do it ,jesus did pixar make this game 
32,for use for consumption purposes but they will be super clear https youtubetsx2g8tmkrm edit this was supposed to be funny ,i thought this was supposed to be a joke ,i thought this was supposed to be a joke 
33,least that s what i thought got ta tag uvertigahri to know your opinion since you re a otp ahri ,damn it can i at least get a spoiler alert tag ,got ta love the clickbait titles 
34,problem it has been 8 months now and i finally found a possible answer to what is wrong with me ,so what would have the real answer been ,i d be fine with people coherently telling me what their fucking problem is 
35,residue either after rinsing third possibility is that the acrylic has microcrazes from heat stress which are impossible to remove ,which episode is this from ,i want a before and after 
36,protean on the froakie line is one of the most valuable has because of it s usefulness ,where on par with murder and it should because it is one of the most evil things you can do ,good chunk of these teams are cheap as hell most have at least one mega one legendary andor one primal 
37,nevada and beyond this is the time that the establishment begins to assert their stranglehold on the presidential selection process ,and so it begins ,but this time for sure 
38,a very very big deal i m surprised that as of this comment this post is not getting much attention ,what s the point of posting this i think that this post is in very poor taste ,honestly what s the big deal this is a tradition going back thousands of years why stop it now 
39,deleted ,i ca nt seem to find it anywhere was it deleted does anyone know or have a link thanks ,the bartender throws the second coffee on the ground and quits 
40,shifts and lessening in quality of life or will this be less dramatic or even positive for the lower class ,the the lower price will cost less i m not sure why you had to make a post about this ,this needs to be a nutraceutical in pill or liquid form actually give it a few months it will be 
41,wow amazing dude what was your programdiet ,wow wow wow op that is amazing you look great ,well done dude what s your routine 
42,jmproofed marlin 1894 ,marlin or henry ,marlin or henry 
43,minigun so that you people buy a 5 euro ticket to collect four of these in horrible worn out quality ,that was horrible ,you the song of my people w h y y y y y y y y y y y y 
44,this man presents us with quality rap quality activism and quality politics mixed with art this guy is talented ,this is a quality post ,kanye what the fuck is going on with you man 
45,a nuanced explanation of the political and ideological forces at play when america launched its invasion of iraq in 2003 ,explanation what is this ,strategically but morally necessary and the author believes that ideology drove the invasion instead of being an excuse to it 
46,was performed automatically please contact the moderators of this subreddit messagecompose to ranime if you have any questions or concerns ,was performed automatically please contact the moderators of this subreddit messagecompose to rgameofthrones if you have any questions or concerns ,84 aa sorry if this is nt really the kind of content that s supposed to be on this subreddit 
47,magical app you can use to make life decisions with based on your own qualifiers of what is more important ,to interpret and make decisions based on the constitution but you know nice guys are what it s really about ,the app decision machine in the app store it s an app i created that does exactly what you want 
48,are you in highschool ,i think a better question is why was nt it already taught in highschool ,are you all in junior high 
49,cut in quarters in my newly painted bathroom right now the onion smell with fade quicker than the paint smell ,that must smell great ,mouths are great for storing leftovers they work a lot better than tupperware and no plastic smell in your food 
50,cube of paraffin wax place the chimney on top of the lit wax and set a timer for 15 minutes ,nice wax job rook ,bags would nt you have to remove what is on top of the shelf first to get at the clip 
51,i love professor frink thank you for calling me a nerd not even remotely dorky ,thank you ,this is genius thank you 
52,afraid but soon relieved as all 5 of us pushed the throne and got it in the last second d ,the bottom of the throne so you ll know where it is in case you need to disassemble the throne ,what i do get blademail as soon as possible see him burn 
53,her legs up and apart this puts you in control of her legs and should also allow for better access ,legs up but only one leg if you can work out my terrible wording it should allow you better access ,legs up but only one leg if you can work out my terrible wording it should allow you better access 
54,loss what do you recommend dumbbells or any other weights and what should i be doing with them congratssss also ,stomach and back and forty pounds is a fantastic loss keep doing what you re doing cause it s working ,you look amazing what are you doing 
55,if i left my wallet at home i d get a ticket ,i would nt be mad if it was my wallet ,sunday see that it s the only one left and get it to prevent a fight when they get home 
56,is kraken imanygood i only can get beer from my friends ,hold my beer ,kraken drunk is the worst drunk 0 
57,that face is the last many see before they perish ,did you see his incredible face ,how many reposts is that now 
58,looks like the tape you have on it is working ,buy duct tape buy duct tape ,pinterest ideas that looks ok at first glance until you realize it wastes time and space but it looks nice 
59,or giving a path to them with a small choke with a destructible rock can make them used more frequently ,you rock ,can he do one with jonsnow 
60,the only way for long term storage plus they just look so much better with the extra stiffness and protection ,it s also a really awesome car for storage plus it s cute and they retain their value pretty well ,to read all of that for the first time again it really is a powerful series and only gets better 
61,the end tho got ta catch em all ,whered ya catch em ,sugimori s awesome charizard artwork also got ta love how the flame on his tail overlaps the game boy banner 
62,nicely where the curves are all accentuated i mean i like boobs and all but the booty takes the cake ,when the squad is trying to peek at the booty ,mean anything or should nt mean anything to him after the threesome if your love and relationship are solid enough 
63,i truly believe hillary deserves to be attacked and i m not even american ,i m not even american and i m voting for bernie ,of the public could truly not give a shit about sports believe it or not it is a minority obsession 
64,with only 2 spells this is why physical damage builds have value because they are playable and that playability matters ,67 damage but blackhole does only 53 damage the 41 damage instance is the normal 55 magic damage after reduction ,mods they make the game more strategic every class has unique abilities and there will be spells and counter spells 
65,after a given time you might wan na cut back the posting from roughly daily to maybe twice a week ,damn i do nt want to wan na watch it ,be so sad if they remove tankivac terrans just wan na have fun owwwoaahhhoooohhh terrans just wan na have faaahuuuuuuuun 
66,via medivacs now i kind of just put them next to my marines where should they be ideally you think ,had 6 of my own marines what should i have done differently to stop this this was in silver btw ,had 6 of my own marines what should i have done differently to stop this this was in silver btw 
67,the empty child the doctor dances i was mixed on the show but those episodes hooked me ,quite liked it but it was nt anything special really and a reference to the empty child is always welcome ,quite liked it but it was nt anything special really and a reference to the empty child is always welcome 
68,i warm my 81 up by riding it ,this makes my heart warm ,aced the exam no problem and was already capable of riding safely by the time i bought my first bike 
69,yes ,yes yes yes yes ,the bartender throws the second coffee on the ground and quits 
70,and league are completely different do nt let others tilt you and have fun man and welcome to the community ,what to do if tilt ,welcome to the league of draven 
71,unravel kukuku ,reaction just let things unravel themselves there will be a statement from management andor players edit aaaand woodbuck confirms this ,this part besides that the new op is awesome i ve had it on my workout playlist for a while 
72,he got all the important parts in and just thought this is fine ,this is fine ,that is all 
73,did they would but they do nt so they wo nt that s some seussinspired wording for the 5yo mind ,i mean they can but they wo nt maybe that means that they ca nt deep stuff ,they generally do nt buy a lot from other countries but when they do buy stuff it s extremely expensive 
74,analysis marijuana can be safely used within the supervised routine of medical care dea administrative law judge 1988 francis young ,as a medical professional i can safely say that this is perfectly safe ,can be done to prevent this from happening and what can be done to recover if this starts to happen 
75,points for merchandise as well you could even give some bonus points for the fancy statues ziggs thresh twisted fate ,ziggs ,ziggs 
76,medicated great news is he has been sober for over a year with the help of inpatient treatment and aa ,and those aa range ,breaking news album has been pirated over 500000 times 
77,see the blanket behind the pills because you popped them out and put them back in for fake internet points ,or blanket or whatever it is right behind the pills machines package the pills they are nt just randomly inserted ,or blanket or whatever it is right behind the pills machines package the pills they are nt just randomly inserted 
78,costco today they had the standard roses for the standard price plus a special arrangement with extra stuff for more ,with a stainless finish they look really cool and makes it feel a bit more special than a standard version ,they ll do the standard 50 and then quickly drop more and more because their shelf space is so limited 
79,whilst the final product of this op isnt wrong ,isnt this a repost ,isnt this a repost 
80,himself because he allowed denise to escape in his dying moments have a very loose definition of the word redeem ,much but his role in this episode was fucking great what a way to redeem his character speech and everything ,much but his role in this episode was fucking great what a way to redeem his character speech and everything 
81,this is the only time i break down ,i m down ,this is what i do all the time 
82,street legal you need some way to transport the bike and generally riding to the track is a bad idea ,riding at the track and riding on the street are so different that the word is almost a homonymhomophone ,riding at the track and riding on the street are so different that the word is almost a homonymhomophone 
83,10 seconds is s little too ridiculous i ve gotten many from different women and it s always the same ,i ve tried this before with different cars i think it s nonsense meant to make you look ridiculous ,in technique he can always finger you at the same time too and alternate make him do some real research 
84,https wwwdotabuffcomplayers94030122 ,hashida https imganimebracketcomzpxjpg levi https imganimebracketcomzscjpg kraft lawrence https imganimebracketcomzstjpg sora https imganimebracketcomzuhjpg archer https imganimebracketcomzrljpg ira gamagoori https imganimebracketcom10izjpg ,https nicedotameme 
85,how can the vacuum be measured when temperature is dependent on the average kinetic energy of matter ,the simplest but not the only possibility would be p which is the behaviour of a cosmological constant vacuum energy ,the simplest but not the only possibility would be p which is the behaviour of a cosmological constant vacuum energy 
86,get it done whenever that will be just got ta figure out how to make it bigger on the inside ,to be able to figure out what that part looks like and how to make it and make it function ,i ca nt tell what body part that is i ve been trying to figure it out for minutes 
87,yeah cause he died of diabetes ,did he die of diabetes ,did he die of diabetes 
88,cool cool cool cool ,cool ,cool 
89,the other candidates and the more likely he is to go 3rd party obama plays chess the gop plays checkers ,next level plays right there ,the gop trump rubio jeb and cruz are just as likely to be labeled the antichrist as sanders and hillary 
90,this is great thank you ,thank you ,this is genius thank you 
91,his mom is kinda hot ,hottie hot hot hot keep it up ,did rick ever actually bone his mom 
92,y axis y is the axis that goes up in the air ,up in the air ,rengar should be flying given the amount of time he spends in the air 
93,favourite phrase of all time i need to use that as the title of something in a story or something ,need something to close the circuit need something need something bud s coin ,it on the last day the store was open or something or the employees just did nt give a fuck 
94,https wwwredditcomrskyrimcomments2bs5zri did it hahahaa i actually fucking did it next ref search posts same everything ,down ability ref search posts and here are some more https wwwredditcomrtf2comments434rgythree suggestions on reworking the heavy and of mine ,i did before you haha 
95,keep studying in germany because that way they keep the government cash flowing it s a fiasco of epic proportions ,way to go keep it up ,and housing bubbles i m sure what has happened every single other time in history totally wo nt keep happening 
96,that this customer s behaviour does nt deserve anything extra luckily i do nt have to deal with customers anymore ,do nt do this to me ,no you do nt 
97,and hillary clinton still commands an equal if not greater following but you wo nt hear that on reddit ,if i m hillary clinton that s fucking scary ,so hillary that s all it was hillary we still love hillary and i love you like hillary loves hillary 
98,is amazing it s like somebody genuinely freaking out about learning darth vader is luke s dad i love it ,this is freaking hilarious d ,i loved it i felt it was exactly what i love about deadpool 
99,they work wonderful probably not buy new again since we got much better spec laptops for a much cheaper price ,how much ,it would be much more frugal to not forget a reusable bottle and better for the environment 
